{
    "avg_eval_accuracy": 0.6981949458483754,
    "avg_eval_loss": 0.6899893820285797,
    "eval_accuracy": [
        0.779783393501805,
        0.7581227436823105,
        0.7328519855595668,
        0.7292418772563177,
        0.7220216606498195,
        0.5270758122743683,
        0.6534296028880866,
        0.6750902527075813,
        0.6859205776173285,
        0.7184115523465704
    ],
    "eval_loss": [
        0.7605032324790955,
        0.689876139163971,
        0.6294533014297485,
        0.6800976991653442,
        0.6088638305664062,
        0.7042821645736694,
        0.634619414806366,
        0.7633466720581055,
        0.6289701461791992,
        0.7998812198638916
    ]
}