{
    "avg_eval_accuracy": 0.7552346570397112,
    "avg_eval_loss": 0.8313314318656921,
    "eval_accuracy": [
        0.7942238267148014,
        0.7833935018050542,
        0.7653429602888087,
        0.7581227436823105,
        0.776173285198556,
        0.776173285198556,
        0.7220216606498195,
        0.7436823104693141,
        0.7328519855595668,
        0.7003610108303249
    ],
    "eval_loss": [
        1.5656956434249878,
        0.6126736998558044,
        1.0727605819702148,
        0.6716587543487549,
        1.059677004814148,
        0.6592509746551514,
        0.5661091208457947,
        0.8608707189559937,
        0.6339367628097534,
        0.6106810569763184
    ]
}