{
    "avg_eval_loss": 0.6558600336313247,
    "avg_eval_matthews_correlation": 0.6204460683186732,
    "eval_loss": [
        0.5024741888046265,
        0.3930836319923401,
        0.5201492309570312,
        0.7980343699455261,
        1.1265158653259277,
        0.984976589679718,
        0.6814178824424744,
        0.5637215971946716,
        0.5629034638404846,
        0.4253235161304474
    ],
    "eval_matthews_correlation": [
        0.5920284737888375,
        0.6201203227825409,
        0.6183257151834723,
        0.6351331222176867,
        0.6165463827085729,
        0.6347156371234057,
        0.6431079373028232,
        0.620765149261144,
        0.6003853387335489,
        0.6233326040846988
    ]
}