{
    "avg_eval_accuracy": 0.7649819494584837,
    "avg_eval_loss": 0.9275328814983368,
    "eval_accuracy": [
        0.7581227436823105,
        0.7725631768953068,
        0.7978339350180506,
        0.7689530685920578,
        0.7725631768953068,
        0.7978339350180506,
        0.7545126353790613,
        0.776173285198556,
        0.7003610108303249,
        0.7509025270758123
    ],
    "eval_loss": [
        0.6234734654426575,
        1.1146621704101562,
        1.1319421529769897,
        1.0827834606170654,
        1.4922895431518555,
        0.9915989637374878,
        1.089780330657959,
        0.5479994416236877,
        0.6208372712135315,
        0.5799620151519775
    ]
}