{
    "avg_eval_loss": 0.48742503821849825,
    "avg_eval_matthews_correlation": 0.5940696632130719,
    "eval_loss": [
        0.4536672532558441,
        0.3880155384540558,
        0.5306051969528198,
        0.5637077689170837,
        0.5242499113082886,
        0.4010889530181885,
        0.5319167971611023,
        0.5982844829559326,
        0.4334109425544739,
        0.449303537607193
    ],
    "eval_matthews_correlation": [
        0.5868789269320265,
        0.5997113648588693,
        0.6086838399461341,
        0.6319911054099576,
        0.6238000406481004,
        0.5845424263998419,
        0.5327049641851711,
        0.58690464101932,
        0.5578409242156205,
        0.6276383985156776
    ]
}