{
    "avg_eval_accuracy": 0.7386281588447654,
    "avg_eval_loss": 0.9848292827606201,
    "eval_accuracy": [
        0.7833935018050542,
        0.7617328519855595,
        0.7545126353790613,
        0.7617328519855595,
        0.7833935018050542,
        0.5270758122743683,
        0.7436823104693141,
        0.7689530685920578,
        0.7509025270758123,
        0.7509025270758123
    ],
    "eval_loss": [
        1.157522201538086,
        1.3723756074905396,
        0.7787600159645081,
        0.8560938239097595,
        1.1786597967147827,
        0.7000832557678223,
        0.8069788217544556,
        0.6267953515052795,
        1.4118002653121948,
        0.9592236876487732
    ]
}