{
    "avg_eval_accuracy": 0.743682310469314,
    "avg_eval_loss": 1.0627362191677094,
    "eval_accuracy": [
        0.7545126353790613,
        0.7617328519855595,
        0.5270758122743683,
        0.7833935018050542,
        0.776173285198556,
        0.779783393501805,
        0.8014440433212996,
        0.7545126353790613,
        0.7292418772563177,
        0.7689530685920578
    ],
    "eval_loss": [
        1.7448208332061768,
        0.5581533908843994,
        0.6917651891708374,
        0.8952332735061646,
        1.4291257858276367,
        1.0069468021392822,
        0.9415889382362366,
        0.777834415435791,
        1.3460149765014648,
        1.235878586769104
    ]
}