{
    "avg_eval_loss": 0.4617162883281708,
    "avg_eval_matthews_correlation": 0.546017474347895,
    "eval_loss": [
        0.4163404405117035,
        0.45459192991256714,
        0.529003918170929,
        0.43426230549812317,
        0.4244655966758728,
        0.4010544717311859,
        0.5440530776977539,
        0.4588007628917694,
        0.44100522994995117,
        0.5135851502418518
    ],
    "eval_matthews_correlation": [
        0.5480080758935534,
        0.556015225978778,
        0.5468604475495032,
        0.5808909972587557,
        0.5412486529899814,
        0.5944828515291438,
        0.44960521225224076,
        0.5235612757302466,
        0.5443987863308255,
        0.5751032179659222
    ]
}