{
    "avg_eval_loss": 0.5582258522510528,
    "avg_eval_matthews_correlation": 0.5468781767843763,
    "eval_loss": [
        0.4491666853427887,
        0.5745290517807007,
        0.599665105342865,
        0.4160788655281067,
        0.7239869832992554,
        0.7516142129898071,
        0.4510931074619293,
        0.7291876673698425,
        0.43769729137420654,
        0.4492395520210266
    ],
    "eval_matthews_correlation": [
        0.6041264155921211,
        0.6285125993469022,
        0.6344981873519642,
        0.6270950546345749,
        0.6140286859373326,
        0.6015805476045657,
        0.5755298089385917,
        0.0,
        0.567819975587409,
        0.6155904928503024
    ]
}