{
    "avg_eval_loss": 0.5131414562463761,
    "avg_eval_matthews_correlation": 0.5951386576831992,
    "eval_loss": [
        0.4361658990383148,
        0.4240402579307556,
        0.7306060194969177,
        0.43573421239852905,
        0.5117284655570984,
        0.39841771125793457,
        0.49176862835884094,
        0.4532723128795624,
        0.4831661581993103,
        0.7665148973464966
    ],
    "eval_matthews_correlation": [
        0.5978288056194474,
        0.6183257151834723,
        0.6332388281163573,
        0.6236307572313473,
        0.6057460340310477,
        0.5827341694379223,
        0.4971074930428892,
        0.5690537725234869,
        0.578919716739363,
        0.6448012849066597
    ]
}